<application>
  <component name="Translation.Cache">
    <option name="lastTrimTime" value="1690180543989" />
  </component>
  <component name="Translation.Settings">
    <option name="primaryLanguage" value="AUTO" />
    <option name="translator" value="YOUDAO" />
    <option name="youdaoTranslateSettings">
      <youdao-translate>
        <option name="appId" value="43022b6ac6d2ee1c" />
      </youdao-translate>
    </option>
  </component>
  <component name="Translation.States">
    <option name="newTranslationDialogWidth" value="404" />
    <option name="newTranslationDialogX" value="791" />
    <option name="newTranslationDialogY" value="452" />
    <option name="pinTranslationDialog" value="true" />
    <histories>
      <item value="Android 2.1 bug workaround" />
      <item value="Drawing in DOM by using Table tag" />
      <item value="二维码" />
      <item value="短信" />
      <item value="验证" />
      <item value="acceptance check" />
      <item value="验收" />
      <item value="确认" />
      <item value="白名单" />
      <item value="team" />
      <item value="协作" />
      <item value="company" />
      <item value="企业" />
      <item value="原因" />
      <item value="Back" />
      <item value="Black" />
      <item value="报告" />
      <item value="非空" />
      <item value="注册" />
      <item value="identity" />
      <item value="身份" />
      <item value="检查" />
      <item value="风险" />
      <item value="report" />
      <item value="填空" />
      <item value="dynamic Display" />
      <item value="目标" />
      <item value="shift" />
      <item value="转换" />
      <item value="distribute" />
      <item value="分布" />
      <item value="medical examination report" />
      <item value="体检报告" />
      <item value="dynamic display" />
      <item value="动态显示" />
      <item value="封装" />
      <item value="隐藏" />
      <item value="question" />
      <item value="问题" />
      <item value="问卷" />
      <item value="免费" />
      <item value="说明" />
      <item value="node" />
      <item value="physical" />
      <item value="physical examination" />
      <item value="体检" />
      <item value="项目" />
      <item value="风险体检" />
      <item value="发送" />
      <item value="试看" />
    </histories>
    <option name="languageScores">
      <map>
        <entry key="ALBANIAN" value="1" />
        <entry key="CHINESE" value="611" />
        <entry key="ENGLISH" value="605" />
        <entry key="FRENCH" value="1" />
        <entry key="INDONESIAN" value="1" />
        <entry key="ITALIAN" value="5" />
        <entry key="LATVIAN" value="1" />
        <entry key="NORWEGIAN" value="1" />
      </map>
    </option>
  </component>
</application>