<keymap version="1" name="VSCode 副本" parent="VSCode">
  <action id="CollapseAllRegions">
    <keyboard-shortcut first-keystroke="ctrl alt add" />
  </action>
  <action id="CollapseRegion">
    <keyboard-shortcut first-keystroke="ctrl alt numpad6" />
  </action>
  <action id="CommentByBlockComment">
    <keyboard-shortcut first-keystroke="shift ctrl slash" />
  </action>
  <action id="CommentByLineComment">
    <keyboard-shortcut first-keystroke="ctrl slash" />
  </action>
  <action id="EditorDeleteLine">
    <keyboard-shortcut first-keystroke="ctrl alt d" />
  </action>
  <action id="EditorToggleCase">
    <keyboard-shortcut first-keystroke="shift ctrl i" />
  </action>
  <action id="ExpandAllRegions">
    <keyboard-shortcut first-keystroke="ctrl alt subtract" />
  </action>
  <action id="ExpandRegion">
    <keyboard-shortcut first-keystroke="ctrl alt numpad9" />
  </action>
  <action id="Git.Commit.And.Push.Executor" />
  <action id="Hg.Commit.And.Push.Executor" />
  <action id="SaveAll">
    <keyboard-shortcut first-keystroke="ctrl s" />
  </action>
  <action id="ShowIntentionActions">
    <keyboard-shortcut first-keystroke="ctrl alt slash" />
  </action>
  <action id="Uml.NodeIntentions">
    <keyboard-shortcut first-keystroke="ctrl period" />
    <keyboard-shortcut first-keystroke="ctrl alt slash" />
  </action>
  <action id="UsageGrouping.DirectoryStructure" />
</keymap>